{
  "scaler": {
    "mean": [
      87.75398431570959,
      87.75398431570959,
      0.0,
      0.8399714930663326,
      0.8399714930663326,
      1.6688995064559442,
      1.668899506455944
    ],
    "scale": [
      57.88025150017061,
      57.88025150017061,
      63.46729389523404,
      0.6870749521245318,
      0.6870749521245318,
      0.9833153025700083,
      0.9833153025700083
    ],
    "var": [
      3350.123513723002,
      3350.123513723002,
      4028.097394384012,
      0.4720719898369278,
      0.4720719898369278,
      0.9669089842683469,
      0.9669089842683469
    ],
    "n_samples_seen": 7906
  },
  "classifier": {
    "coef": [
      -0.5024898881681368,
      0.5024898539913389,
      -0.9165111139729087,
      -0.02374217270537788,
      0.02374221884601304,
      0.5327441312377025,
      -0.5327441029665939
    ],
    "intercept": 2.608819231659726e-10
  },
  "features": [
    "home_rank",
    "away_rank",
    "rank_diff",
    "home_weighted_wins",
    "away_weighted_wins",
    "home_weighted_goals",
    "away_weighted_goals"
  ]
}